https://zapier.com/blog/google-docs-pageless/,How to remove page breaks in Google Docs with pageless view,Google Docs pageless view means no more page breaks—and a little more flexibility.,https://images.ctfassets.net/lzny33ho1g45/5LgNoaJ8dOotOnBwEUR1js/4db5d55f4d4c361d85d53691193b831f/google_docs.png?w=1400&fm=jpg&q=30&fit=thumb
https://zapier.com/blog/content-brief-template/,How to write a content brief (with template),Writing a blog post shouldn't be a matter of filling out a template—that's a recipe for disappearing into the internet content landfill. But using a template for a blog post brief is a great way to make sure your writers have all the information they need.,https://images.ctfassets.net/lzny33ho1g45/2iae4G3bI7DzdwGsVXiThn/2748a9c352546e99743d2eaaff1296ca/create-documents-from-templates-00-hero.jpg?w=1400&fm=jpg&q=30&fit=thumb
https://zapier.com/blog/how-to-blur-background-in-zoom/,How to blur your background in Zoom—and the case for not doing it,That Zoom blur background is everywhere. It prevents your coworkers from seeing the mess or other variation of chaos behind you—and it only makes your hair look vaguely weird.,https://images.ctfassets.net/lzny33ho1g45/aautbTN2aVwYl2LGd1ecu/250fef0ec75faa1b48d896dfced07cc9/Zoom_hero.jpg?w=1400&fm=jpg&q=30&fit=thumb
https://zapier.com/blog/invoice-template/,12 free invoice templates—and how to make your own,"Use these free invoice templates, learn how to make your own invoices, and see how you can automate them so you can get paid on time.",https://images.ctfassets.net/lzny33ho1g45/75RuLjSNuOpHQ4XT6DfHXk/faa9187719bdf3b2b861525ecf11de3f/invoice-template.jpg?w=1400&fm=jpg&q=30&fit=thumb
https://zapier.com/blog/hobi-context-engine/,"Meet Hobi, Zapier's context engine to protect customer data","Hobi, our new context engine, allows Zapier to keep customer data safe.",https://res.cloudinary.com/zapier-media/image/upload/f_auto/q_auto/v1656512382/Blog/Generic/default5_fo1gpa.png
https://zapier.com/blog/how-to-build-custom-calendar-assistant-gpt/,How to build your own calendar assistant GPT,Here's how to build your own custom version of ChatGPT that will keep you up to date on what's happening in your calendar.,https://images.ctfassets.net/lzny33ho1g45/4fBBsmZIvWJp5ohdnHt2IV/1ad1767f649dd11cf7b34ee2218feb60/How-to-build-custom-calendar-assistant-gpt-hero-00.png?w=1400&fm=jpg&q=30&fit=thumb
https://zapier.com/blog/mailerlite-vs-convertkit/,MailerLite vs. ConvertKit: Which email marketing platform should you use?,"I've used MailerLite for years and have tested ConvertKit extensively. In this article, I'll break down the pros and cons of each platform to help you decide which is best for you.",https://images.ctfassets.net/lzny33ho1g45/4QxlxD0ixFNjVN6tobOe54/57e4da1e85f532c87e593fb72d9de1cc/mailerlite-vs-convertkit.jpg?w=1400&fm=jpg&q=30&fit=thumb
https://zapier.com/blog/best-iphone-apps-for-productivity/,The best productivity apps for iPhone in 2024,"The best productivity apps for iPhone make possible something that would otherwise be impossible, or they make something you need to do simpler and faster.",https://images.ctfassets.net/lzny33ho1g45/best-productivity-apps-for-iPh-p-img/819e356f8c3464be7f3435a7991221cd/best_apps_14.jpg?w=1400&fm=jpg&q=30&fit=thumb
https://zapier.com/blog/best-windows-productivity-software/,The best productivity apps for Windows in 2024,"If you use Windows, you want apps that are purpose-built for your PC. Here are our picks for the best Windows productivity apps.",https://images.ctfassets.net/lzny33ho1g45/3BdZG2gwvaNRNqwv3LXkfR/e5b44800476a7fc5e4a0266f435bc009/Windows.jpg?w=1400&fm=jpg&q=30&fit=thumb
https://zapier.com/blog/how-to-create-trello-card-from-saved-slack-messages/,How to create a Trello card from a saved Slack message,"In this tutorial, we will teach you how to build a quick workflow between Slack and Trello that creates new cards in Trello for every Slack message you save.",https://images.ctfassets.net/lzny33ho1g45/2veiodD3snI0DJ1HYdVgm4/7a466c110d1e4f111aefe0369284462d/Group_14924.jpg?w=1400&fm=jpg&q=30&fit=thumb
https://zapier.com/blog/upload-zoom-recordings-google-drive/,How to automatically upload Zoom recordings to Google Drive,"By now, most people are pretty familiar with video call etiquette. However, one habit that trips up even the most seasoned remote worker is remembering to upload or share the meeting recording after a call has ended.",https://images.ctfassets.net/lzny33ho1g45/5HG1oUKDEtRWWJu4KdPX8o/3b1952636503f7a397cb8a9d0a9af9ec/Group_14925.jpg?w=1400&fm=jpg&q=30&fit=thumb
https://zapier.com/blog/best-video-hosting-sites/,The 5 best video hosting sites for businesses in 2024,"Videos have dominated the web for ages, and now video marketing is becoming a necessity for any business. 87 percent of online marketers create video content, while 51 percent of them tout videos as the content with the best ROI.",https://images.ctfassets.net/lzny33ho1g45/best-video-hosting-sites-p-img/1508e814e1cf2f4fd83f1207e13f41ba/Best_video_hosting_sites.jpg?w=1400&fm=jpg&q=30&fit=thumb
https://zapier.com/blog/stable-diffusion-vs-dalle/,Stable Diffusion vs. DALL·E 3: Which image generator is better? [2024],Which AI image generator should you choose? I spent time tinkering with each one to help you make your pick.,https://images.ctfassets.net/lzny33ho1g45/5jzkYckidUqMt7l1hasqNP/0df8eb0ffa881c95472fb932e4536126/stable-diffusion-vs-dalle.jpg?w=1400&fm=jpg&q=30&fit=thumb
https://zapier.com/blog/shopify-stripe-integration/,How to set up a Shopify Stripe integration in 4 steps,A Shopify Stripe integration allows you to connect the two platforms so you can start taking payments to your Shopify business.,https://images.ctfassets.net/lzny33ho1g45/5KII9vy8B19HaPhShM9W1P/f166071ca38a2ef77f998450d68868f4/shopify-stripe.jpg?w=1400&fm=jpg&q=30&fit=thumb
https://zapier.com/blog/keep-up-with-reddit/,4 Reddit automation ideas,"Whether you use Reddit for fun or business, keeping up with the platform can be a full-time job. Automation can help you save time and stay on top of your mentions without spending hours on Reddit every day.",https://images.ctfassets.net/lzny33ho1g45/7bJKk9GSb8PegXtZmosNhh/d9041f0743b38210bc1471d05e824fd0/Group_14923.jpg?w=1400&fm=jpg&q=30&fit=thumb
https://zapier.com/blog/microsoft-copilot/,What is Microsoft Copilot? (And how to access it),"Offering an experience powered by the GPT and DALL-E models, courtesy of the close relationship with OpenAI, you'll see new magic buttons and AI chat boxes spread out in the Microsoft apps you use every day.",https://images.ctfassets.net/lzny33ho1g45/1mLn4Glt59VSDWu6iaicWv/c095e073e8d033aa2a5e25c8be99446f/microsoft-copilot.jpg?w=1400&fm=jpg&q=30&fit=thumb
https://zapier.com/blog/clickfunnels-vs-leadpages/,ClickFunnels vs. Leadpages: Which landing page builder should you use? [2024],"ClickFunnels and Leadpages are popular landing page builders, but they're very different tools. Here's how they compare across features, pricing, and usability.",https://images.ctfassets.net/lzny33ho1g45/6Xvc2NAnusruCROK7f69tA/56fd2a2601f6349b84463d4b81c59768/clickfunnels-vs-leadpages.jpg?w=1400&fm=jpg&q=30&fit=thumb
